{
  "pretrain": {
    "fluency": 2.3333333333333335,
    "instruction_following": 2.0,
    "reasoning": 1.6666666666666667,
    "safety": 1.6666666666666667,
    "knowledge": 2.3333333333333335
  },
  "sft": {
    "fluency": 2.0,
    "instruction_following": 2.3333333333333335,
    "reasoning": 1.3333333333333333,
    "safety": 2.0,
    "knowledge": 1.6666666666666667
  },
  "grpo": {
    "fluency": 2.3333333333333335,
    "instruction_following": 3.3333333333333335,
    "reasoning": 1.6666666666666667,
    "safety": 2.0,
    "knowledge": 3.0
  },
  "dpo": {
    "fluency": 2.0,
    "instruction_following": 2.3333333333333335,
    "reasoning": 1.3333333333333333,
    "safety": 3.3333333333333335,
    "knowledge": 2.6666666666666665
  }
}